{"cameraMode":{"drawMode":0,"name":"Shaded","section":"Shading Mode"},"sceneLighting":false,"audioPlay":false,"sceneViewState":{"showFog":true,"showMaterialUpdate":false,"showSkybox":true,"showFlares":true,"showImageEffects":true,"showParticleSystems":true},"in2DMode":false,"pivot":{"x":3.817999839782715,"y":1.5099999904632569,"z":-5.039999961853027},"rotation":{"x":-0.11995804309844971,"y":0.03185996413230896,"z":-0.0038516265340149404,"w":-0.9922601580619812},"size":4.0416579246521,"orthographic":false}