{"cameraMode":{"drawMode":0,"name":"Shaded","section":"Shading Mode"},"sceneLighting":false,"audioPlay":false,"sceneViewState":{"showFog":true,"showMaterialUpdate":false,"showSkybox":true,"showFlares":true,"showImageEffects":true,"showParticleSystems":true},"in2DMode":false,"pivot":{"x":-2.2621634006500246,"y":-0.4861922264099121,"z":-4.480632781982422},"rotation":{"x":0.03167576715350151,"y":-0.9683045148849487,"z":0.17201358079910279,"w":0.17830993235111237},"size":8.672017097473145,"orthographic":false}