{"cameraMode":{"drawMode":0,"name":"Shaded","section":"Shading Mode"},"sceneLighting":false,"audioPlay":false,"sceneViewState":{"showFog":true,"showMaterialUpdate":false,"showSkybox":true,"showFlares":true,"showImageEffects":true,"showParticleSystems":true},"in2DMode":false,"pivot":{"x":-0.20800000429153443,"y":0.8880000114440918,"z":-1.2359999418258668},"rotation":{"x":0.1105726957321167,"y":0.6801568865776062,"z":-0.1048838347196579,"w":0.7170493602752686},"size":0.14289410412311555,"orthographic":false}