{"cameraMode":{"drawMode":0,"name":"Shaded","section":"Shading Mode"},"sceneLighting":false,"audioPlay":false,"sceneViewState":{"showFog":true,"showMaterialUpdate":false,"showSkybox":true,"showFlares":true,"showImageEffects":true,"showParticleSystems":true},"in2DMode":false,"pivot":{"x":3.818000078201294,"y":1.5099999904632569,"z":-5.039999961853027},"rotation":{"x":-0.07002806663513184,"y":0.8859302401542664,"z":-0.14234371483325959,"w":-0.43584635853767397},"size":4.845234394073486,"orthographic":false}