{"cameraMode":{"drawMode":0,"name":"Shaded","section":"Shading Mode"},"sceneLighting":true,"audioPlay":false,"sceneViewState":{"showFog":true,"showMaterialUpdate":false,"showSkybox":true,"showFlares":true,"showImageEffects":true,"showParticleSystems":true},"in2DMode":false,"pivot":{"x":-0.08592808246612549,"y":0.23708003759384156,"z":-1.426511287689209},"rotation":{"x":-0.027679292485117914,"y":-0.9723024964332581,"z":0.16102272272109986,"w":-0.16713319718837739},"size":3.7390522956848146,"orthographic":false}