{"cameraMode":{"drawMode":0,"name":"Shaded","section":"Shading Mode"},"sceneLighting":false,"audioPlay":false,"sceneViewState":{"showFog":true,"showMaterialUpdate":false,"showSkybox":true,"showFlares":true,"showImageEffects":true,"showParticleSystems":true},"in2DMode":false,"pivot":{"x":4.710847854614258,"y":1.4235833883285523,"z":-0.12684333324432374},"rotation":{"x":-0.004287609830498695,"y":-0.993632435798645,"z":0.10502774268388748,"w":-0.04056348279118538},"size":4.556171894073486,"orthographic":false}